Date,Symbol,Security Name,Client Name,Buy/Sell,Quantity Traded,Trade Price / Wght. Avg. Price
30-SEP-2026,EBGNG,GNG Electronics Limited,UNIFI CAPITAL PRIVATE LIMITED,BUY,2012345,674.80
30-SEP-2026,EBGNG,GNG Electronics Limited,UNIFI CAPITAL PRIVATE LIMITED,BUY,520000,674.80
30-SEP-2026,EBGNG,GNG Electronics Limited,BLEND FUND 2,BUY,888000,674.80
30-SEP-2026,IRBINVIT,IRB InvIT Fund,L & T TECHNOLOGY SERVICES LIMITED,BUY,7957204,63.18
30-SEP-2026,IRBINVIT,IRB InvIT Fund,L & T WELFARE COMPANY LIMITED,BUY,15887214,63.36
30-SEP-2026,IRBINVIT,IRB InvIT Fund,LTM LIMITED,BUY,15823923,63.23
30-SEP-2026,IRBINVIT,IRB InvIT Fund,L AND T EMPLOYEES WELFARE FOUNDATION PRIVATE LIMITED,BUY,15887214,63.36
30-SEP-2026,NDRINVIT,NDR INVIT Trust,SPARK FINANCIAL HOLDINGS PRIVATE LIMITED,BUY,3400000,148.00
30-SEP-2026,TCIEXP,TCI Express Limited,XPS CARGO SERVICES LIMITED,BUY,480000,525.00
30-SEP-2026,EBGNG,GNG Electronics Limited,VIDHI S KHANDELWAL,SELL,3420345,674.80
30-SEP-2026,IRBINVIT,IRB InvIT Fund,NEO TREASURY PLUS FUND,SELL,19047618,63.18
30-SEP-2026,IRBINVIT,IRB InvIT Fund,ARVESTA FINANCIAL SERVICES PRIVATE LIMITED,SELL,36507937,63.36
30-SEP-2026,NDRINVIT,NDR INVIT Trust,INVESTCORP INDIA WAREHOUSING IFSC TRUST,SELL,3400000,148.00
30-SEP-2026,TCIEXP,TCI Express Limited,TCI TRADING,SELL,480000,525.00
