Date,Symbol,Security Name,Client Name,Buy/Sell,Quantity Traded,Trade Price / Wght. Avg. Price,Remarks
09-OCT-2026,ACEVECTOR,AceVector Limited,JUMP TRADING FINANCIAL INDIA PRIVATE LIMITED,BUY,2362529,30.45,-
09-OCT-2026,ACEVECTOR,AceVector Limited,QE SECURITIES LLP,BUY,2527849,30.28,-
09-OCT-2026,ACEVECTOR,AceVector Limited,MATHISYS QUANTCAP LLP,BUY,3418489,30.42,-
09-OCT-2026,ADROITIND,Adroit Industries (I) Ltd,PRIJAL TRADEFIN LLP,BUY,268700,201.95,-
09-OCT-2026,AQYLON,Aqylon Nexus Limited,MOHAMED IRFAN MOHAMED LATIF SHAIKH,BUY,2473659,15.75,-
09-OCT-2026,ARFIN,Arfin India Limited,BULLPULSE MARKETEDGE PRIVATE LIMITED,BUY,919253,109.62,-
09-OCT-2026,ARIS,Arisinfra Solutions Ltd,VAIBHAV RAJENDRA DOSHI,BUY,499739,142.10,-
09-OCT-2026,AWFIS,Awfis Space Solutions Ltd,KRITAGYATA TRUST,BUY,1150000,244.97,-
09-OCT-2026,BAGDIGITAL,B.A.G.Convergence Limited,ACME CAPITAL MARKET LIMITED,BUY,268800,114.66,-
09-OCT-2026,DEEPA,Deepa Jewellers Limited,QE SECURITIES LLP,BUY,590496,239.78,-
09-OCT-2026,EMPOWER,Empower India Ltd.,SHARE INDIA SECURITIES LIMITED,BUY,7214075,1.91,-
09-OCT-2026,FASCINATE,Fascinate Textiles Ltd,VBCUBE VENTURES FUND II,BUY,74400,93.05,-
09-OCT-2026,GENSOL,Gensol Engineering Ltd,RAOSAHEB PATILBA THANGE,BUY,440046,10.64,-
09-OCT-2026,GSMFOILS,GSM Foils Limited,HI GROWTH CORPORATE SERVICES PVT LTD,BUY,73000,61.18,-
09-OCT-2026,HTEL,Hy-Tech Engineers Limited,HRTI PRIVATE LIMITED,BUY,395174,91.10,-
09-OCT-2026,INOXGREEN,Inox Green Energy Ser Ltd,JUNOMONETA FINSOL PRIVATE LIMITED,BUY,3240654,128.08,-
09-OCT-2026,INOXGREEN,Inox Green Energy Ser Ltd,MICROCURVES TRADING PRIVATE LIMITED,BUY,2617247,129.25,-
09-OCT-2026,INOXGREEN,Inox Green Energy Ser Ltd,ALPHAGREP SECURITIES PRIVATE LIMITED,BUY,3869451,127.53,-
09-OCT-2026,JSIPL,Jindal Supreme (India) L,IRAGE BROKING SERVICES LLP,BUY,115456,167.17,-
09-OCT-2026,JSIPL,Jindal Supreme (India) L,SSPL SECURITIES PRIVATE LIMITED,BUY,429363,170.42,-
09-OCT-2026,KANOHAR,Kanohar Electricals Ltd,PLUTUS WEALTH MANAGEMENT LLP,BUY,401773,1131.68,-
09-OCT-2026,KANOHAR,Kanohar Electricals Ltd,HRTI PRIVATE LIMITED,BUY,471512,1128.23,-
09-OCT-2026,KANOHAR,Kanohar Electricals Ltd,QE SECURITIES LLP,BUY,489294,1128.21,-
09-OCT-2026,KANOHAR,Kanohar Electricals Ltd,JUMP TRADING FINANCIAL INDIA PRIVATE LIMITED,BUY,455775,1131.23,-
09-OCT-2026,KKJEWELS,Kabra Jewels Limited,ANKITA VISHAL SHAH,BUY,80000,111.48,-
09-OCT-2026,KSHITIJPOL,Kshitij Polyline Limited,BHAVISHYA ECOMMERCE PRIVATE LIMITED,BUY,1203440,3.50,-
09-OCT-2026,MARSONS,Marsons Limited,ARIHANT CAPITAL MARKETS LIMITED,BUY,1384589,132.40,-
09-OCT-2026,MOBIKWIK,One Mobikwik Systems Ltd,JUMP TRADING FINANCIAL INDIA PRIVATE LIMITED,BUY,528243,255.73,-
09-OCT-2026,MOBIKWIK,One Mobikwik Systems Ltd,QE SECURITIES LLP,BUY,1450341,255.69,-
09-OCT-2026,MOBIKWIK,One Mobikwik Systems Ltd,HRTI PRIVATE LIMITED,BUY,1779168,254.18,-
09-OCT-2026,MOBIKWIK,One Mobikwik Systems Ltd,NK SECURITIES RESEARCH PRIVATE LIMITED,BUY,553091,256.69,-
09-OCT-2026,MOBIKWIK,One Mobikwik Systems Ltd,JUNOMONETA FINSOL PRIVATE LIMITED,BUY,746131,256.13,-
09-OCT-2026,MOBIKWIK,One Mobikwik Systems Ltd,MUSIGMA SECURITIES,BUY,616169,256.40,-
09-OCT-2026,MOBIKWIK,One Mobikwik Systems Ltd,PLUTUS WEALTH MANAGEMENT LLP,BUY,1298082,255.49,-
09-OCT-2026,MOBIKWIK,One Mobikwik Systems Ltd,MICROCURVES TRADING PRIVATE LIMITED,BUY,490365,255.32,-
09-OCT-2026,MONEYVIEW,Moneyview Limited,PLUTUS WEALTH MANAGEMENT LLP,BUY,15257999,59.97,-
09-OCT-2026,MONEYVIEW,Moneyview Limited,JUMP TRADING FINANCIAL INDIA PRIVATE LIMITED,BUY,12476438,60.39,-
09-OCT-2026,MONEYVIEW,Moneyview Limited,QE SECURITIES LLP,BUY,9694418,59.93,-
09-OCT-2026,MONEYVIEW,Moneyview Limited,JUNOMONETA FINSOL PRIVATE LIMITED,BUY,10005117,60.75,-
09-OCT-2026,MONEYVIEW,Moneyview Limited,NK SECURITIES RESEARCH PRIVATE LIMITED,BUY,11907309,61.29,-
09-OCT-2026,MONEYVIEW,Moneyview Limited,ALPHAGREP SECURITIES PRIVATE LIMITED,BUY,16987400,60.53,-
09-OCT-2026,MONEYVIEW,Moneyview Limited,MICROCURVES TRADING PRIVATE LIMITED,BUY,19124264,60.57,-
09-OCT-2026,MVELECTRO,MV Electrosystems Limited,QE SECURITIES LLP,BUY,151881,881.14,-
09-OCT-2026,MVELECTRO,MV Electrosystems Limited,HRTI PRIVATE LIMITED,BUY,115622,881.80,-
09-OCT-2026,PCJEWELLER,PC Jeweller Ltd,JUMP TRADING FINANCIAL INDIA PRIVATE LIMITED,BUY,58687956,14.59,-
09-OCT-2026,PCJEWELLER,PC Jeweller Ltd,HRTI PRIVATE LIMITED,BUY,54096492,14.64,-
09-OCT-2026,PNGSREVA,PNGS Reva Diamond Jewel L,QE SECURITIES LLP,BUY,205441,689.95,-
09-OCT-2026,PNGSREVA,PNGS Reva Diamond Jewel L,ALPHAGREP SECURITIES PRIVATE LIMITED,BUY,160006,691.05,-
09-OCT-2026,PRANAV,Pranav Constructions Ltd,JYOTHI KAILASH KABRA,BUY,900283,97.61,-
09-OCT-2026,RATNAVEER,Ratnaveer Precision Eng L,ARIHANT CAPITAL MARKETS LIMITED,BUY,878715,342.79,-
09-OCT-2026,RSYSTEMS,R Systems International L,QE SECURITIES LLP,BUY,1082671,272.71,-
09-OCT-2026,RSYSTEMS,R Systems International L,ALPHAGREP SECURITIES PRIVATE LIMITED,BUY,630149,271.26,-
09-OCT-2026,RSYSTEMS,R Systems International L,JUNOMONETA FINSOL PRIVATE LIMITED,BUY,1237714,273.62,-
09-OCT-2026,RSYSTEMS,R Systems International L,HRTI PRIVATE LIMITED,BUY,1308482,273.21,-
09-OCT-2026,RSYSTEMS,R Systems International L,PLUTUS WEALTH MANAGEMENT LLP,BUY,1042734,272.58,-
09-OCT-2026,RSYSTEMS,R Systems International L,MICROCURVES TRADING PRIVATE LIMITED,BUY,1145408,273.52,-
09-OCT-2026,RSYSTEMS,R Systems International L,NK SECURITIES RESEARCH PRIVATE LIMITED,BUY,866072,272.76,-
09-OCT-2026,SHAHINVEST,Shah Investors Home Ltd,NEO APEX SHARE BROKING SERVICES LLP,BUY,150000,150.56,-
09-OCT-2026,SHANTIGOLD,Shanti Gold Internation L,HRTI PRIVATE LIMITED,BUY,449778,372.72,-
09-OCT-2026,SHANTIGOLD,Shanti Gold Internation L,QE SECURITIES LLP,BUY,491948,374.39,-
09-OCT-2026,SHANTIGOLD,Shanti Gold Internation L,ALPHAGREP SECURITIES PRIVATE LIMITED,BUY,491360,376.47,-
09-OCT-2026,SMCGLOBAL,SMC Global Securities Ltd,VINSUL MAKARDI LTD,BUY,1347756,118.57,-
09-OCT-2026,SMCGLOBAL,SMC Global Securities Ltd,PUMA SECURITIES,BUY,1693745,118.32,-
09-OCT-2026,SMCGLOBAL,SMC Global Securities Ltd,J4S FINANCIAL SOLUTIONS LLP,BUY,1498576,118.32,-
09-OCT-2026,SMCGLOBAL,SMC Global Securities Ltd,HRTI PRIVATE LIMITED,BUY,3043518,118.19,-
09-OCT-2026,SMCGLOBAL,SMC Global Securities Ltd,NK SECURITIES RESEARCH PRIVATE LIMITED,BUY,2974141,119.12,-
09-OCT-2026,SMCGLOBAL,SMC Global Securities Ltd,QE SECURITIES LLP,BUY,2218210,118.47,-
09-OCT-2026,SMCGLOBAL,SMC Global Securities Ltd,BLITZQUANT RESEARCH LLP,BUY,1363815,119.20,-
09-OCT-2026,SMCGLOBAL,SMC Global Securities Ltd,IRAGE BROKING SERVICES LLP,BUY,1270046,119.05,-
09-OCT-2026,SMCGLOBAL,SMC Global Securities Ltd,MICROCURVES TRADING PRIVATE LIMITED,BUY,2751896,118.64,-
09-OCT-2026,SMCGLOBAL,SMC Global Securities Ltd,ARIHANT CAPITAL MARKETS LIMITED,BUY,3589350,118.60,-
09-OCT-2026,SMCGLOBAL,SMC Global Securities Ltd,JUNOMONETA FINSOL PRIVATE LIMITED,BUY,4750934,118.48,-
09-OCT-2026,STEAMHOUSE,Steamhouse India Limited,NIKUNJ SHAH,BUY,1773949,132.11,-
09-OCT-2026,TARAPUR,Tarapur Transformers Ltd,AMIT KUMAR JAIN,BUY,139602,16.58,-
09-OCT-2026,TFCILTD,Tourism Finance Corp,SHARE INDIA SECURITIES LIMITED,BUY,3544960,146.94,-
09-OCT-2026,VGCL,Vibrant Global Capital L,PARTHIV ASHISH MEHTA,BUY,240000,50.00,-
09-OCT-2026,AAATECH,AAA Technologies Limited,MGO HIGH CONVICTION FUND INCORPORATED VCC SUB-FUND,SELL,302000,108.06,-
09-OCT-2026,ACEVECTOR,AceVector Limited,QE SECURITIES LLP,SELL,2830726,30.26,-
09-OCT-2026,ACEVECTOR,AceVector Limited,JUMP TRADING FINANCIAL INDIA PRIVATE LIMITED,SELL,2897981,30.60,-
09-OCT-2026,ACEVECTOR,AceVector Limited,MATHISYS QUANTCAP LLP,SELL,3445093,30.35,-
09-OCT-2026,ADROITIND,Adroit Industries (I) Ltd,PRIJAL TRADEFIN LLP,SELL,143852,205.61,-
09-OCT-2026,AQYLON,Aqylon Nexus Limited,SERA INVESTMENTS & FINANCE INDIA LIMITED,SELL,2500000,15.75,-
09-OCT-2026,ARFIN,Arfin India Limited,BHOLA MOTOR FINANCE PRIVATE LIMITED .,SELL,995071,112.50,-
09-OCT-2026,ARFIN,Arfin India Limited,BULLPULSE MARKETEDGE PRIVATE LIMITED,SELL,934253,106.68,-
09-OCT-2026,ARIS,Arisinfra Solutions Ltd,VAIBHAV RAJENDRA DOSHI,SELL,499739,142.11,-
09-OCT-2026,AWFIS,Awfis Space Solutions Ltd,PEAK XV PARTNERS INVESTMENTS V,SELL,1215493,245.00,-
09-OCT-2026,BAGDIGITAL,B.A.G.Convergence Limited,LOVLESH JAIN,SELL,129600,115.00,-
09-OCT-2026,DEEPA,Deepa Jewellers Limited,QE SECURITIES LLP,SELL,661086,239.65,-
09-OCT-2026,EMPOWER,Empower India Ltd.,SHARE INDIA SECURITIES LIMITED,SELL,7887076,1.91,-
09-OCT-2026,GENSOL,Gensol Engineering Ltd,CATALYST TRUSTEESHIP LIMITED,SELL,582101,10.64,-
09-OCT-2026,GSMFOILS,GSM Foils Limited,HI GROWTH CORPORATE SERVICES PVT LTD,SELL,75500,62.13,-
09-OCT-2026,GSPLTRANS,GSPL Transmission Limited,NORGES BANK ON ACCOUNT OF THE GOVERNMENT PENSION FUND GLOBAL,SELL,1998304,106.23,-
09-OCT-2026,HTEL,Hy-Tech Engineers Limited,HRTI PRIVATE LIMITED,SELL,532589,91.37,-
09-OCT-2026,ICELCO,IC Electricals Company L,HEM GROWTH OPPORTUNITIES FUND,SELL,105600,114.35,-
09-OCT-2026,INOXGREEN,Inox Green Energy Ser Ltd,ALPHAGREP SECURITIES PRIVATE LIMITED,SELL,3869451,127.59,-
09-OCT-2026,INOXGREEN,Inox Green Energy Ser Ltd,MICROCURVES TRADING PRIVATE LIMITED,SELL,2617247,129.33,-
09-OCT-2026,INOXGREEN,Inox Green Energy Ser Ltd,JUNOMONETA FINSOL PRIVATE LIMITED,SELL,3202239,128.16,-
09-OCT-2026,JSIPL,Jindal Supreme (India) L,IRAGE BROKING SERVICES LLP,SELL,273926,165.13,-
09-OCT-2026,JYOTIGLOBL,Jyoti Global Plast Ltd,VIRADIA RAMESH RAMJIBHAI,SELL,112000,36.14,-
09-OCT-2026,KANOHAR,Kanohar Electricals Ltd,QE SECURITIES LLP,SELL,485336,1129.81,-
09-OCT-2026,KANOHAR,Kanohar Electricals Ltd,HRTI PRIVATE LIMITED,SELL,417859,1129.23,-
09-OCT-2026,KANOHAR,Kanohar Electricals Ltd,PLUTUS WEALTH MANAGEMENT LLP,SELL,401773,1132.35,-
09-OCT-2026,KANOHAR,Kanohar Electricals Ltd,JUMP TRADING FINANCIAL INDIA PRIVATE LIMITED,SELL,455775,1134.05,-
09-OCT-2026,KKJEWELS,Kabra Jewels Limited,ANKITA VISHAL SHAH,SELL,56000,109.97,-
09-OCT-2026,KSHITIJPOL,Kshitij Polyline Limited,BHAVISHYA ECOMMERCE PRIVATE LIMITED,SELL,223423,3.51,-
09-OCT-2026,MARSONS,Marsons Limited,ARIHANT CAPITAL MARKETS LIMITED,SELL,1381589,133.15,-
09-OCT-2026,MOBIKWIK,One Mobikwik Systems Ltd,PLUTUS WEALTH MANAGEMENT LLP,SELL,1298082,255.62,-
09-OCT-2026,MOBIKWIK,One Mobikwik Systems Ltd,MICROCURVES TRADING PRIVATE LIMITED,SELL,490365,255.57,-
09-OCT-2026,MOBIKWIK,One Mobikwik Systems Ltd,MUSIGMA SECURITIES,SELL,616169,256.43,-
09-OCT-2026,MOBIKWIK,One Mobikwik Systems Ltd,NK SECURITIES RESEARCH PRIVATE LIMITED,SELL,553091,256.81,-
09-OCT-2026,MOBIKWIK,One Mobikwik Systems Ltd,QE SECURITIES LLP,SELL,1446781,256.09,-
09-OCT-2026,MOBIKWIK,One Mobikwik Systems Ltd,HRTI PRIVATE LIMITED,SELL,1666786,255.26,-
09-OCT-2026,MOBIKWIK,One Mobikwik Systems Ltd,JUMP TRADING FINANCIAL INDIA PRIVATE LIMITED,SELL,528243,255.80,-
09-OCT-2026,MOBIKWIK,One Mobikwik Systems Ltd,JUNOMONETA FINSOL PRIVATE LIMITED,SELL,741613,256.21,-
09-OCT-2026,MONEYVIEW,Moneyview Limited,JUNOMONETA FINSOL PRIVATE LIMITED,SELL,10007214,60.79,-
09-OCT-2026,MONEYVIEW,Moneyview Limited,PLUTUS WEALTH MANAGEMENT LLP,SELL,15257999,59.99,-
09-OCT-2026,MONEYVIEW,Moneyview Limited,JUMP TRADING FINANCIAL INDIA PRIVATE LIMITED,SELL,12476438,58.70,-
09-OCT-2026,MONEYVIEW,Moneyview Limited,QE SECURITIES LLP,SELL,10531540,60.25,-
09-OCT-2026,MONEYVIEW,Moneyview Limited,ALPHAGREP SECURITIES PRIVATE LIMITED,SELL,16987400,60.59,-
09-OCT-2026,MONEYVIEW,Moneyview Limited,NK SECURITIES RESEARCH PRIVATE LIMITED,SELL,11907309,61.31,-
09-OCT-2026,MONEYVIEW,Moneyview Limited,MICROCURVES TRADING PRIVATE LIMITED,SELL,19124264,60.61,-
09-OCT-2026,MVELECTRO,MV Electrosystems Limited,QE SECURITIES LLP,SELL,146980,881.96,-
09-OCT-2026,MVELECTRO,MV Electrosystems Limited,HRTI PRIVATE LIMITED,SELL,138585,882.03,-
09-OCT-2026,PCJEWELLER,PC Jeweller Ltd,HRTI PRIVATE LIMITED,SELL,47276892,14.53,-
09-OCT-2026,PCJEWELLER,PC Jeweller Ltd,JUMP TRADING FINANCIAL INDIA PRIVATE LIMITED,SELL,58687956,14.53,-
09-OCT-2026,PNGSREVA,PNGS Reva Diamond Jewel L,ALPHAGREP SECURITIES PRIVATE LIMITED,SELL,160006,691.84,-
09-OCT-2026,PNGSREVA,PNGS Reva Diamond Jewel L,QE SECURITIES LLP,SELL,203449,694.04,-
09-OCT-2026,PRANAV,Pranav Constructions Ltd,JYOTHI KAILASH KABRA,SELL,900283,97.68,-
09-OCT-2026,RATNAVEER,Ratnaveer Precision Eng L,ARIHANT CAPITAL MARKETS LIMITED,SELL,878715,343.87,-
09-OCT-2026,RSYSTEMS,R Systems International L,ALPHAGREP SECURITIES PRIVATE LIMITED,SELL,630149,271.25,-
09-OCT-2026,RSYSTEMS,R Systems International L,QE SECURITIES LLP,SELL,1076676,272.06,-
09-OCT-2026,RSYSTEMS,R Systems International L,MICROCURVES TRADING PRIVATE LIMITED,SELL,1145408,273.73,-
09-OCT-2026,RSYSTEMS,R Systems International L,JUNOMONETA FINSOL PRIVATE LIMITED,SELL,1204857,273.71,-
09-OCT-2026,RSYSTEMS,R Systems International L,PLUTUS WEALTH MANAGEMENT LLP,SELL,1042734,272.71,-
09-OCT-2026,RSYSTEMS,R Systems International L,HRTI PRIVATE LIMITED,SELL,1215518,272.96,-
09-OCT-2026,RSYSTEMS,R Systems International L,NK SECURITIES RESEARCH PRIVATE LIMITED,SELL,866072,272.85,-
09-OCT-2026,SBC,SBC Exports Limited,FROXY INTERNATIONAL LLP,SELL,3976287,62.27,-
09-OCT-2026,SHANTIGOLD,Shanti Gold Internation L,HRTI PRIVATE LIMITED,SELL,418175,374.93,-
09-OCT-2026,SHANTIGOLD,Shanti Gold Internation L,QE SECURITIES LLP,SELL,499971,373.33,-
09-OCT-2026,SHANTIGOLD,Shanti Gold Internation L,ALPHAGREP SECURITIES PRIVATE LIMITED,SELL,491360,376.62,-
09-OCT-2026,SMCGLOBAL,SMC Global Securities Ltd,BLITZQUANT RESEARCH LLP,SELL,1363815,119.25,-
09-OCT-2026,SMCGLOBAL,SMC Global Securities Ltd,NK SECURITIES RESEARCH PRIVATE LIMITED,SELL,2974141,119.17,-
09-OCT-2026,SMCGLOBAL,SMC Global Securities Ltd,HRTI PRIVATE LIMITED,SELL,3261888,118.48,-
09-OCT-2026,SMCGLOBAL,SMC Global Securities Ltd,J4S FINANCIAL SOLUTIONS LLP,SELL,1498576,118.40,-
09-OCT-2026,SMCGLOBAL,SMC Global Securities Ltd,IRAGE BROKING SERVICES LLP,SELL,1243836,118.53,-
09-OCT-2026,SMCGLOBAL,SMC Global Securities Ltd,JUNOMONETA FINSOL PRIVATE LIMITED,SELL,4712375,118.57,-
09-OCT-2026,SMCGLOBAL,SMC Global Securities Ltd,ARIHANT CAPITAL MARKETS LIMITED,SELL,3560141,120.50,-
09-OCT-2026,SMCGLOBAL,SMC Global Securities Ltd,VINSUL MAKARDI LTD,SELL,1347756,118.63,-
09-OCT-2026,SMCGLOBAL,SMC Global Securities Ltd,PUMA SECURITIES,SELL,1693745,118.43,-
09-OCT-2026,SMCGLOBAL,SMC Global Securities Ltd,MICROCURVES TRADING PRIVATE LIMITED,SELL,2751896,118.73,-
09-OCT-2026,SMCGLOBAL,SMC Global Securities Ltd,QE SECURITIES LLP,SELL,2280299,118.65,-
09-OCT-2026,STEAMHOUSE,Steamhouse India Limited,NIKUNJ SHAH,SELL,1773949,132.12,-
09-OCT-2026,TFCILTD,Tourism Finance Corp,NITN KAPOOR,SELL,2800000,146.08,-
09-OCT-2026,TFCILTD,Tourism Finance Corp,SHARE INDIA SECURITIES LIMITED,SELL,3545163,147.19,-
09-OCT-2026,VGCL,Vibrant Global Capital L,BHAVNA RADHEMOHAN JHUNJHUNWALA,SELL,329181,50.00,-
